t_id_predio;numero_predial;condicion_predio
935546;470010002000000021901901030308;PH.Unidad_Predial
1072433;470010104000000310901900000038;PH.Unidad_Predial
3013654;470010002000000040901901010160;PH.Unidad_Predial
3010870;470010002000000040901901010157;PH.Unidad_Predial
795408;470010110000000870902901000155;PH.Unidad_Predial
915683;470010002000000040901901010163;PH.Unidad_Predial
662196;470010002000000021901901010105;PH.Unidad_Predial
720699;470010107000000500902901080087;PH.Unidad_Predial
1065215;470010107000001210904904040218;PH.Unidad_Predial
1065331;470010109000003600901900000153;PH.Unidad_Predial
935206;470010002000000021901901020203;PH.Unidad_Predial
1065337;470010109000003600901900000156;PH.Unidad_Predial
857901;470010002000000021901901010104;PH.Unidad_Predial
951342;470010002000000040901901010164;PH.Unidad_Predial
832971;470010110000000630055000000000;PH.Unidad_Predial
1065291;470010109000003600901900000135;PH.Unidad_Predial
935649;470010002000000021901901030311;PH.Unidad_Predial
930479;470010110000000630057000000000;PH.Unidad_Predial
662212;470010002000000021901901010108;PH.Unidad_Predial
658995;470010101000001020903900000000;PH.Unidad_Predial
1065319;470010109000003600901900000149;PH.Unidad_Predial
659221;470010110000000300005500000031;PH.Unidad_Predial
1058198;470010101000001650901900000000;PH.Unidad_Predial
1057700;470010101000001280904900000000;PH.Unidad_Predial
1065311;470010109000003600901900000140;PH.Unidad_Predial
832967;470010110000000630049000000000;PH.Unidad_Predial
1065289;470010109000003600901900000134;PH.Unidad_Predial
936419;470010002000000021901901040405;PH.Unidad_Predial
662206;470010002000000021901901010102;PH.Unidad_Predial
1005195;470010002000000040901901010158;PH.Unidad_Predial
935202;470010002000000021901901020202;PH.Unidad_Predial
778550;470010002000000021901901010106;PH.Unidad_Predial
935465;470010002000000021901901030307;PH.Unidad_Predial
662208;470010002000000021901901010109;PH.Unidad_Predial
936415;470010002000000021901901040404;PH.Unidad_Predial
658841;470010002000000022533000000000;PH.Unidad_Predial
935004;470010002000000021901901010111;PH.Unidad_Predial
3008314;470010002000000040901901010156;PH.Unidad_Predial
979480;470010002000000040901901010169;PH.Unidad_Predial
680387;470010101000000850030000000000;PH.Unidad_Predial
862519;470010110000000580901900000020;PH.Unidad_Predial
1072429;470010110000001590901900000093;PH.Unidad_Predial
658837;470010002000000039016000000000;PH.Unidad_Predial
990369;470010002000000040901901010172;PH.Unidad_Predial
1008956;470010102000002200015901030001;PH.Unidad_Predial
1065329;470010109000003600901900000152;PH.Unidad_Predial
662210;470010002000000021901901010107;PH.Unidad_Predial
860437;470010109000003600901900000145;PH.Unidad_Predial
933885;470010002000000021901901010110;PH.Unidad_Predial
953215;470010002000000040901901010168;PH.Unidad_Predial
930816;470010107000000270903901010263;PH.Unidad_Predial
1072421;470010110000000300003500000064;PH.Unidad_Predial
935046;470010002000000021901901030304;PH.Unidad_Predial
686220;470010110000000100901901000061;PH.Unidad_Predial
987724;470010002000000040901901010173;PH.Unidad_Predial
1065317;470010109000003600901900000148;PH.Unidad_Predial
797783;470010002000000040901901010165;PH.Unidad_Predial
661941;470010105000001980007901010001;PH.Unidad_Predial
1007242;470010110000000630051000000000;PH.Unidad_Predial
658831;470010002000000012543000000000;PH.Unidad_Predial
935680;470010002000000021901901040401;PH.Unidad_Predial
690110;470010110000000630355000000000;PH.Unidad_Predial
829521;470010002000000021901901020210;PH.Unidad_Predial
1065315;470010109000003600901900000147;PH.Unidad_Predial
935288;470010002000000021901901020204;PH.Unidad_Predial
689601;470010110000000630356000000000;PH.Unidad_Predial
935006;470010002000000021901901030303;PH.Unidad_Predial
1064042;470010109000003600901900000151;PH.Unidad_Predial
1065169;470010107000001210904904020209;PH.Unidad_Predial
3013633;470010002000000040901901010170;PH.Unidad_Predial
1065303;470010109000003600901900000136;PH.Unidad_Predial
934905;470010002000000021901901020208;PH.Unidad_Predial
935286;470010002000000021901901030301;PH.Unidad_Predial
662041;470010103000000130901900000000;PH.Unidad_Predial
1063902;470010109000003600901900000150;PH.Unidad_Predial
658829;470010002000000039010000000000;PH.Unidad_Predial
1065181;470010107000001210904904020210;PH.Unidad_Predial
856468;470010115000003920027901030002;PH.Unidad_Predial
812869;470010104000000610901900000030;PH.Unidad_Predial
935544;470010002000000021901901020206;PH.Unidad_Predial
1057702;470010101000001010901900000000;PH.Unidad_Predial
1057708;470010101000001210902900000000;PH.Unidad_Predial
1047072;470010109000003670901900000000;PH.Unidad_Predial
912207;470010110000000100901901000058;PH.Unidad_Predial
808354;470010002000000021901901020207;PH.Unidad_Predial
968349;470010110000000630354000000000;PH.Unidad_Predial
902662;470010107000000280905901050509;PH.Unidad_Predial
1058200;470010101000001840902900000000;PH.Unidad_Predial
968347;470010110000000630353000000000;PH.Unidad_Predial
935469;470010002000000021901901030302;PH.Unidad_Predial
907644;470010102000002200015901020001;PH.Unidad_Predial
692618;470010107000000490903901150139;PH.Unidad_Predial
935922;470010002000000021901901040402;PH.Unidad_Predial
658819;470010002000000020078000000000;PH.Unidad_Predial
862523;470010110000001590901900000095;PH.Unidad_Predial
935042;470010002000000021901901020201;PH.Unidad_Predial
1061578;470010110000000630058000000000;PH.Unidad_Predial
936063;470010002000000021901901040403;PH.Unidad_Predial
1072431;470010110000000580902900000121;PH.Unidad_Predial
658809;470010109000004170021000000000;PH.Unidad_Predial
658821;470010002000000039013000000000;PH.Unidad_Predial
862525;470010110000000380905900001362;PH.Unidad_Predial
832973;470010110000000630052000000000;PH.Unidad_Predial
935463;470010002000000021901901020205;PH.Unidad_Predial
932051;470010002000000021901901010103;PH.Unidad_Predial
935332;470010002000000021901901030306;PH.Unidad_Predial
658839;470010002000000030110000000000;PH.Unidad_Predial
3008293;470010002000000040901901010167;PH.Unidad_Predial
1057694;470010101000001020901900000000;PH.Unidad_Predial
658825;470010002000000039015000000000;PH.Unidad_Predial
1057696;470010101000000980901900000000;PH.Unidad_Predial
991179;470010002000000040901901010161;PH.Unidad_Predial
920020;470010109000004190010000000000;PH.Unidad_Predial
661752;470010109000003600134000000000;PH.Unidad_Predial
879913;470010109000003680901900000000;PH.Unidad_Predial
1065305;470010109000003600901900000137;PH.Unidad_Predial
660262;470010105000001980007901020002;PH.Unidad_Predial
3008782;470010002000000040901901010174;PH.Unidad_Predial
860439;470010109000003600901900000146;PH.Unidad_Predial
1065301;470010109000003600901900000144;PH.Unidad_Predial
1072427;470010002000000066719901010001;PH.Unidad_Predial
939721;470010109000003600901900000132;PH.Unidad_Predial
935208;470010002000000021901901030305;PH.Unidad_Predial
1061009;470010109000003600901900000141;PH.Unidad_Predial
827004;470010002000000040901901010162;PH.Unidad_Predial
1065287;470010109000003600901900000133;PH.Unidad_Predial
935637;470010002000000021901901030310;PH.Unidad_Predial
935204;470010002000000021901901020211;PH.Unidad_Predial
1057706;470010101000001280905900000000;PH.Unidad_Predial
1058202;470010101000001840901900000000;PH.Unidad_Predial
1065335;470010109000003600901900000155;PH.Unidad_Predial
1061409;470010110000000630056000000000;PH.Unidad_Predial
1072425;470010002000000066719903010001;PH.Unidad_Predial
1065221;470010107000001210904904040220;PH.Unidad_Predial
862521;470010110000001590901900000103;PH.Unidad_Predial
1035835;470010002000000040901901010159;PH.Unidad_Predial
658827;470010002000000039011000000000;PH.Unidad_Predial
1065309;470010109000003600901900000139;PH.Unidad_Predial
658823;470010002000000039017000000000;PH.Unidad_Predial
1051220;470010001000000022546000000000;PH.Unidad_Predial
1065333;470010109000003600901900000154;PH.Unidad_Predial
662200;470010002000000021901901010101;PH.Unidad_Predial
808352;470010002000000021901901030309;PH.Unidad_Predial
937733;470010101000000850029000000000;PH.Unidad_Predial
832969;470010110000000630050000000000;PH.Unidad_Predial
1065299;470010109000003600901900000143;PH.Unidad_Predial
1041167;470010002000000040901901010166;PH.Unidad_Predial
828399;470010110000000630053000000000;PH.Unidad_Predial
1065307;470010109000003600901900000138;PH.Unidad_Predial
3016771;470010002000000040901901010155;PH.Unidad_Predial
1057720;470010101000001020902900000000;PH.Unidad_Predial
860435;470010109000003600901900000142;PH.Unidad_Predial
1057704;470010101000001280903900000000;PH.Unidad_Predial
673822;470010002000000039018000000000;PH.Unidad_Predial
1057698;470010101000001210903900000000;PH.Unidad_Predial
978300;470010002000000040901901010171;PH.Unidad_Predial
1072423;470010002000000066719902010001;PH.Unidad_Predial
935044;470010002000000021901901020209;PH.Unidad_Predial
1061499;470010110000000630054000000000;PH.Unidad_Predial
659094;470010101000001210901900000000;PH.Unidad_Predial
949672;470010107000000320904901060197;PH.Unidad_Predial
883121;470010102000002200015901010001;PH.Unidad_Predial
